{
  "project_info": {
    "project_number": "656033511420",
    "firebase_url": "https://digital-dr.firebaseio.com",
    "project_id": "digital-dr",
    "storage_bucket": "digital-dr.appspot.com"
  },
  "client": [
    {
      "client_info": {
        "mobilesdk_app_id": "1:656033511420:android:95eed6c98996ec8fdee479",
        "android_client_info": {
          "package_name": "com.iftekhar.digitaldr"
        }
      },
      "oauth_client": [
        {
          "client_id": "656033511420-q3eeh7n4krefb6cfvnlh2cm92opfo578.apps.googleusercontent.com",
          "client_type": 1,
          "android_info": {
            "package_name": "com.iftekhar.digitaldr",
            "certificate_hash": "af0f216abd7cd8ea215409eba20278ebe77da916"
          }
        },
        {
          "client_id": "656033511420-skgq04jj3e89hjtgljh7547me19fctok.apps.googleusercontent.com",
          "client_type": 3
        }
      ],
      "api_key": [
        {
          "current_key": "AIzaSyDtOOAycL0lBwnmbjfipNoJPwca2_OmAj0"
        }
      ],
      "services": {
        "appinvite_service": {
          "other_platform_oauth_client": [
            {
              "client_id": "656033511420-skgq04jj3e89hjtgljh7547me19fctok.apps.googleusercontent.com",
              "client_type": 3
            }
          ]
        }
      }
    }
  ],
  "configuration_version": "1"
}